alg_name,dataset_name,num_hparam_samples,has_exception,timeout_excep,CUDA_memory_excep,CUDA_config_excep,allocate_memory_excep,target_type
DANet,openml__APSFailure__168868,0.0,True,True,False,False,False,binary
NAM,openml__APSFailure__168868,0.0,True,True,False,False,False,binary
NODE,openml__APSFailure__168868,0.0,True,True,False,False,False,binary
SAINT,openml__APSFailure__168868,0.0,True,True,False,False,False,binary
TabPFNModel,openml__APSFailure__168868,0.0,True,False,False,False,False,binary
rtdl_FTTransformer,openml__APSFailure__168868,0.0,True,False,True,False,False,binary
NODE,openml__Amazon_employee_access__34539,0.0,True,True,False,False,False,binary
SVM,openml__Amazon_employee_access__34539,0.0,,,,,,binary
TabPFNModel,openml__Amazon_employee_access__34539,0.0,True,False,False,False,False,binary
TabTransformer,openml__Amazon_employee_access__34539,0.0,True,False,False,True,False,binary
NAM,openml__Bioresponse__9910,0.0,True,True,False,False,False,binary
SAINT,openml__Bioresponse__9910,0.0,,,,,,binary
TabPFNModel,openml__Bioresponse__9910,0.0,True,False,False,False,False,binary
rtdl_FTTransformer,openml__Bioresponse__9910,0.0,True,False,True,False,False,binary
DANet,openml__Census-Income__168340,0.0,True,True,False,False,False,binary
DeepFM,openml__Census-Income__168340,0.0,True,True,False,False,False,binary
NAM,openml__Census-Income__168340,0.0,True,True,False,False,False,binary
SAINT,openml__Census-Income__168340,0.0,True,True,False,False,False,binary
STG,openml__Census-Income__168340,0.0,True,True,False,False,False,binary
SVM,openml__Census-Income__168340,0.0,True,True,False,False,False,binary
TabNet,openml__Census-Income__168340,0.0,True,True,False,False,False,binary
TabPFNModel,openml__Census-Income__168340,0.0,True,False,False,False,False,binary
VIME,openml__Census-Income__168340,0.0,True,True,False,False,False,binary
rtdl_FTTransformer,openml__Census-Income__168340,0.0,True,False,True,False,False,binary
TabPFNModel,openml__Click_prediction_small__190408,0.0,True,False,False,False,False,binary
DANet,openml__Fashion-MNIST__146825,0.0,True,True,False,False,False,classification
DeepFM,openml__Fashion-MNIST__146825,0.0,,,,,,classification
KNN,openml__Fashion-MNIST__146825,0.0,True,True,False,False,False,classification
LightGBM,openml__Fashion-MNIST__146825,0.0,,,,,,classification
LinearModel,openml__Fashion-MNIST__146825,0.0,,,,,,classification
NAM,openml__Fashion-MNIST__146825,0.0,,,,,,classification
NODE,openml__Fashion-MNIST__146825,0.0,True,True,False,False,False,classification
SAINT,openml__Fashion-MNIST__146825,0.0,True,True,False,False,False,classification
SVM,openml__Fashion-MNIST__146825,0.0,True,True,False,False,False,classification
TabPFNModel,openml__Fashion-MNIST__146825,0.0,True,False,False,False,False,classification
rtdl_FTTransformer,openml__Fashion-MNIST__146825,0.0,True,False,True,False,False,classification
DeepFM,openml__GesturePhaseSegmentationProcessed__14969,0.0,,,,,,classification
NAM,openml__GesturePhaseSegmentationProcessed__14969,0.0,,,,,,classification
NODE,openml__GesturePhaseSegmentationProcessed__14969,0.0,True,True,False,False,False,classification
TabPFNModel,openml__GesturePhaseSegmentationProcessed__14969,0.0,True,False,False,False,False,classification
DeepFM,openml__Internet-Advertisements__167125,0.0,True,True,False,False,False,binary
NAM,openml__Internet-Advertisements__167125,0.0,True,True,False,False,False,binary
SAINT,openml__Internet-Advertisements__167125,0.0,,,,,,binary
TabPFNModel,openml__Internet-Advertisements__167125,0.0,True,False,False,False,False,binary
TabTransformer,openml__Internet-Advertisements__167125,0.0,True,False,True,False,False,binary
rtdl_FTTransformer,openml__Internet-Advertisements__167125,0.0,True,False,True,False,False,binary
DeepFM,openml__JapaneseVowels__3510,0.0,,,,,,classification
NAM,openml__JapaneseVowels__3510,0.0,,,,,,classification
NODE,openml__JapaneseVowels__3510,0.0,True,True,False,False,False,classification
TabPFNModel,openml__JapaneseVowels__3510,0.0,True,False,False,False,False,classification
DeepFM,openml__LED-display-domain-7digit__125921,0.0,,,,,,classification
NAM,openml__LED-display-domain-7digit__125921,0.0,,,,,,classification
TabTransformer,openml__LED-display-domain-7digit__125921,0.0,True,False,False,False,False,classification
SVM,openml__MagicTelescope__3954,0.0,,,,,,binary
TabPFNModel,openml__MagicTelescope__3954,0.0,True,False,False,False,False,binary
DeepFM,openml__MiceProtein__146800,0.0,,,,,,classification
NAM,openml__MiceProtein__146800,0.0,,,,,,classification
DANet,openml__MiniBooNE__168335,0.0,True,True,False,False,False,binary
NAM,openml__MiniBooNE__168335,0.0,True,True,False,False,False,binary
NODE,openml__MiniBooNE__168335,0.0,True,True,False,False,False,binary
SAINT,openml__MiniBooNE__168335,0.0,True,True,False,False,False,binary
STG,openml__MiniBooNE__168335,0.0,True,True,False,False,False,binary
SVM,openml__MiniBooNE__168335,0.0,,,,,,binary
TabPFNModel,openml__MiniBooNE__168335,0.0,True,False,False,False,False,binary
rtdl_FTTransformer,openml__MiniBooNE__168335,0.0,True,False,True,False,False,binary
TabPFNModel,openml__PhishingWebsites__14952,0.0,True,False,False,False,False,binary
TabTransformer,openml__PhishingWebsites__14952,0.0,True,False,False,True,False,binary
TabPFNModel,openml__Satellite__167211,0.0,True,False,False,False,False,binary
TabPFNModel,openml__SpeedDating__146607,0.0,True,False,False,False,False,binary
TabPFNModel,openml__ada_agnostic__3896,0.0,True,False,False,False,False,binary
TabPFNModel,openml__adult-census__3953,0.0,True,False,False,False,False,binary
DANet,openml__adult__7592,0.0,True,True,False,False,False,binary
TabPFNModel,openml__adult__7592,0.0,True,False,False,False,False,binary
DANet,openml__airlines__189354,0.0,True,True,False,False,False,binary
DeepFM,openml__airlines__189354,0.0,True,True,False,False,False,binary
NAM,openml__airlines__189354,0.0,True,True,False,False,False,binary
SAINT,openml__airlines__189354,0.0,True,True,False,False,False,binary
STG,openml__airlines__189354,0.0,True,True,False,False,False,binary
SVM,openml__airlines__189354,0.0,True,True,False,False,False,binary
TabNet,openml__airlines__189354,0.0,True,True,False,False,False,binary
TabPFNModel,openml__airlines__189354,0.0,True,False,False,False,False,binary
TabTransformer,openml__airlines__189354,0.0,True,True,True,False,False,binary
VIME,openml__airlines__189354,0.0,True,True,False,False,False,binary
rtdl_FTTransformer,openml__airlines__189354,0.0,True,False,True,False,False,binary
DANet,openml__albert__189356,0.0,True,True,False,False,False,binary
DeepFM,openml__albert__189356,0.0,True,True,False,False,False,binary
KNN,openml__albert__189356,0.0,True,True,False,False,False,binary
LightGBM,openml__albert__189356,0.0,,,,,,binary
NAM,openml__albert__189356,0.0,True,True,False,False,False,binary
NODE,openml__albert__189356,0.0,True,True,False,False,False,binary
SAINT,openml__albert__189356,0.0,True,True,False,False,False,binary
STG,openml__albert__189356,0.0,True,True,False,False,False,binary
SVM,openml__albert__189356,0.0,True,True,False,False,False,binary
TabNet,openml__albert__189356,0.0,True,True,False,False,False,binary
TabPFNModel,openml__albert__189356,0.0,True,False,False,False,False,binary
TabTransformer,openml__albert__189356,0.0,True,True,True,False,False,binary
VIME,openml__albert__189356,0.0,True,True,False,False,False,binary
rtdl_FTTransformer,openml__albert__189356,0.0,True,False,True,False,False,binary
DeepFM,openml__analcatdata_authorship__3549,0.0,,,,,,classification
NAM,openml__analcatdata_authorship__3549,0.0,,,,,,classification
TabTransformer,openml__analcatdata_boxing1__3540,0.0,True,False,False,True,False,binary
TabTransformer,openml__analcatdata_chlamydia__3739,0.0,True,False,False,True,False,binary
DeepFM,openml__analcatdata_dmft__3560,0.0,,,,,,classification
NAM,openml__analcatdata_dmft__3560,0.0,,,,,,classification
TabTransformer,openml__analcatdata_dmft__3560,0.0,True,False,False,True,False,classification
DeepFM,openml__anneal__2867,0.0,,,,,,classification
NAM,openml__anneal__2867,0.0,,,,,,classification
DeepFM,openml__arrhythmia__5,0.0,,,,,,classification
NAM,openml__arrhythmia__5,0.0,,,,,,classification
TabPFNModel,openml__arrhythmia__5,0.0,True,False,False,False,False,classification
DeepFM,openml__artificial-characters__14964,0.0,,,,,,classification
NAM,openml__artificial-characters__14964,0.0,,,,,,classification
NODE,openml__artificial-characters__14964,0.0,True,True,False,False,False,classification
TabPFNModel,openml__artificial-characters__14964,0.0,True,False,False,False,False,classification
TabTransformer,openml__artificial-characters__14964,0.0,True,False,False,False,False,classification
DeepFM,openml__audiology__7,0.0,,,,,,classification
NAM,openml__audiology__7,0.0,,,,,,classification
TabPFNModel,openml__audiology__7,0.0,True,False,False,False,False,classification
TabTransformer,openml__audiology__7,0.0,True,False,False,True,False,classification
DeepFM,openml__autos__9,0.0,,,,,,classification
NAM,openml__autos__9,0.0,,,,,,classification
DeepFM,openml__balance-scale__11,0.0,,,,,,classification
NAM,openml__balance-scale__11,0.0,,,,,,classification
TabTransformer,openml__balance-scale__11,0.0,True,False,False,False,False,classification
TabPFNModel,openml__bank-marketing__14965,0.0,True,False,False,False,False,binary
SAINT,openml__bank-marketing__9899,0.0,,,,,,binary
SVM,openml__bank-marketing__9899,0.0,,,,,,binary
TabPFNModel,openml__bank-marketing__9899,0.0,True,False,False,False,False,binary
TabPFNModel,openml__banknote-authentication__10093,0.0,True,False,False,False,False,binary
TabTransformer,openml__banknote-authentication__10093,0.0,True,False,False,False,False,binary
TabTransformer,openml__blood-transfusion-service-center__10101,0.0,True,False,False,False,False,binary
TabTransformer,openml__blood-transfusion-service-center__145836,0.0,True,False,False,False,False,binary
TabTransformer,openml__breast-cancer__145799,0.0,True,False,False,True,False,binary
DeepFM,openml__car-evaluation__146192,0.0,,,,,,classification
NAM,openml__car-evaluation__146192,0.0,,,,,,classification
TabPFNModel,openml__car-evaluation__146192,0.0,True,False,False,False,False,classification
TabTransformer,openml__car-evaluation__146192,0.0,True,False,False,True,False,classification
DeepFM,openml__car__146821,0.0,,,,,,classification
NAM,openml__car__146821,0.0,,,,,,classification
TabPFNModel,openml__car__146821,0.0,True,False,False,False,False,classification
TabTransformer,openml__car__146821,0.0,True,False,False,True,False,classification
DeepFM,openml__cardiotocography__9979,0.0,,,,,,classification
NAM,openml__cardiotocography__9979,0.0,,,,,,classification
TabPFNModel,openml__cardiotocography__9979,0.0,True,False,False,False,False,classification
DANet,openml__chess__3952,0.0,True,True,False,False,False,classification
DeepFM,openml__chess__3952,0.0,,,,,,classification
NAM,openml__chess__3952,0.0,,,,,,classification
NODE,openml__chess__3952,0.0,True,True,True,False,False,classification
TabPFNModel,openml__chess__3952,0.0,True,False,False,False,False,classification
TabTransformer,openml__chess__3952,0.0,True,False,False,True,False,classification
LightGBM,openml__christine__168908,0.0,,,,,,binary
NAM,openml__christine__168908,0.0,True,True,False,False,False,binary
SAINT,openml__christine__168908,0.0,,,,,,binary
TabPFNModel,openml__christine__168908,0.0,True,False,False,False,False,binary
rtdl_FTTransformer,openml__christine__168908,0.0,True,False,True,False,False,binary
TabPFNModel,openml__churn__167141,0.0,True,False,False,False,False,binary
DeepFM,openml__cjs__14967,0.0,,,,,,classification
NAM,openml__cjs__14967,0.0,,,,,,classification
TabPFNModel,openml__cjs__14967,0.0,True,False,False,False,False,classification
SAINT,openml__climate-model-simulation-crashes__146819,0.0,,,,,,binary
DeepFM,openml__cmc__23,0.0,,,,,,classification
NAM,openml__cmc__23,0.0,,,,,,classification
TabPFNModel,openml__cmc__23,0.0,True,False,False,False,False,classification
DeepFM,openml__cnae-9__9981,0.0,,,,,,classification
NAM,openml__cnae-9__9981,0.0,,,,,,classification
SAINT,openml__cnae-9__9981,0.0,True,True,True,False,False,classification
TabPFNModel,openml__cnae-9__9981,0.0,True,False,False,False,False,classification
rtdl_FTTransformer,openml__cnae-9__9981,0.0,True,False,True,False,False,classification
DeepFM,openml__collins__3567,0.0,,,,,,classification
NAM,openml__collins__3567,0.0,,,,,,classification
TabPFNModel,openml__collins__3567,0.0,True,False,False,False,False,classification
DANet,openml__connect-4__146195,0.0,True,True,False,False,False,classification
DeepFM,openml__connect-4__146195,0.0,,,,,,classification
NAM,openml__connect-4__146195,0.0,,,,,,classification
SVM,openml__connect-4__146195,0.0,True,True,False,False,False,classification
TabPFNModel,openml__connect-4__146195,0.0,True,False,False,False,False,classification
TabTransformer,openml__connect-4__146195,0.0,True,False,False,True,False,classification
rtdl_FTTransformer,openml__connect-4__146195,0.0,True,False,True,False,False,classification
SAINT,openml__credit-g__31,0.0,,,,,,binary
DeepFM,openml__dermatology__35,0.0,,,,,,classification
NAM,openml__dermatology__35,0.0,,,,,,classification
DeepFM,openml__dilbert__168909,0.0,,,,,,classification
LightGBM,openml__dilbert__168909,0.0,,,,,,classification
NAM,openml__dilbert__168909,0.0,,,,,,classification
NODE,openml__dilbert__168909,0.0,True,True,False,False,False,classification
SAINT,openml__dilbert__168909,0.0,,,,,,classification
TabPFNModel,openml__dilbert__168909,0.0,True,False,False,False,False,classification
rtdl_FTTransformer,openml__dilbert__168909,0.0,True,False,True,False,False,classification
DeepFM,openml__dna__167140,0.0,,,,,,classification
NAM,openml__dna__167140,0.0,,,,,,classification
TabPFNModel,openml__dna__167140,0.0,True,False,False,False,False,classification
TabTransformer,openml__dna__167140,0.0,True,False,False,True,False,classification
DeepFM,openml__ecoli__145977,0.0,,,,,,classification
NAM,openml__ecoli__145977,0.0,,,,,,classification
TabTransformer,openml__ecoli__145977,0.0,True,False,False,False,False,classification
SVM,openml__eeg-eye-state__14951,0.0,,,,,,binary
TabPFNModel,openml__eeg-eye-state__14951,0.0,True,False,False,False,False,binary
DANet,openml__electricity__219,0.0,True,True,False,False,False,binary
TabPFNModel,openml__electricity__219,0.0,True,False,False,False,False,binary
TabPFNModel,openml__elevators__3711,0.0,True,False,False,False,False,binary
DeepFM,openml__eucalyptus__2079,0.0,,,,,,classification
NAM,openml__eucalyptus__2079,0.0,,,,,,classification
DeepFM,openml__eye_movements__3897,0.0,,,,,,classification
NAM,openml__eye_movements__3897,0.0,,,,,,classification
SVM,openml__eye_movements__3897,0.0,,,,,,classification
TabPFNModel,openml__eye_movements__3897,0.0,True,False,False,False,False,classification
DeepFM,openml__fabert__168910,0.0,,,,,,classification
NAM,openml__fabert__168910,0.0,,,,,,classification
NODE,openml__fabert__168910,0.0,True,True,False,False,False,classification
SAINT,openml__fabert__168910,0.0,True,True,True,False,False,classification
TabPFNModel,openml__fabert__168910,0.0,True,False,False,False,False,classification
rtdl_FTTransformer,openml__fabert__168910,0.0,True,False,True,False,False,classification
DeepFM,openml__first-order-theorem-proving__9985,0.0,,,,,,classification
NAM,openml__first-order-theorem-proving__9985,0.0,,,,,,classification
NODE,openml__first-order-theorem-proving__9985,0.0,True,True,False,False,False,classification
TabPFNModel,openml__first-order-theorem-proving__9985,0.0,True,False,False,False,False,classification
DeepFM,openml__fl2000__3566,0.0,,,,,,classification
NAM,openml__fl2000__3566,0.0,,,,,,classification
SAINT,openml__fl2000__3566,0.0,,,,,,classification
TabTransformer,openml__fri_c0_100_5__3620,0.0,True,False,False,False,False,binary
TabTransformer,openml__fri_c3_100_5__3779,0.0,True,False,False,False,False,binary
DeepFM,openml__gas-drift-different-concentrations__9987,0.0,,,,,,classification
NAM,openml__gas-drift-different-concentrations__9987,0.0,,,,,,classification
NODE,openml__gas-drift-different-concentrations__9987,0.0,True,True,False,False,False,classification
SAINT,openml__gas-drift-different-concentrations__9987,0.0,True,True,False,False,False,classification
SVM,openml__gas-drift-different-concentrations__9987,0.0,,,,,,classification
TabPFNModel,openml__gas-drift-different-concentrations__9987,0.0,True,False,False,False,False,classification
rtdl_FTTransformer,openml__gas-drift-different-concentrations__9987,0.0,True,False,True,False,False,classification
DeepFM,openml__gas-drift__9986,0.0,,,,,,classification
NAM,openml__gas-drift__9986,0.0,,,,,,classification
NODE,openml__gas-drift__9986,0.0,True,True,False,False,False,classification
SAINT,openml__gas-drift__9986,0.0,True,True,False,False,False,classification
TabPFNModel,openml__gas-drift__9986,0.0,True,False,False,False,False,classification
rtdl_FTTransformer,openml__gas-drift__9986,0.0,True,False,True,False,False,classification
NAM,openml__gina_agnostic__3891,0.0,True,True,False,False,False,binary
SAINT,openml__gina_agnostic__3891,0.0,True,True,True,False,False,binary
TabPFNModel,openml__gina_agnostic__3891,0.0,True,False,False,False,False,binary
rtdl_FTTransformer,openml__gina_agnostic__3891,0.0,True,False,True,False,False,binary
DeepFM,openml__glass__40,0.0,,,,,,classification
NAM,openml__glass__40,0.0,,,,,,classification
RandomForest,openml__haberman__42,0.0,,,,,,binary
DeepFM,openml__har__14970,0.0,,,,,,classification
NAM,openml__har__14970,0.0,,,,,,classification
NODE,openml__har__14970,0.0,True,True,False,False,False,classification
SAINT,openml__har__14970,0.0,True,True,True,False,False,classification
TabPFNModel,openml__har__14970,0.0,True,False,False,False,False,classification
rtdl_FTTransformer,openml__har__14970,0.0,True,False,True,False,False,classification
DeepFM,openml__hayes-roth__146063,0.0,,,,,,classification
NAM,openml__hayes-roth__146063,0.0,,,,,,classification
TabTransformer,openml__hayes-roth__146063,0.0,True,False,False,False,False,classification
SAINT,openml__hepatitis__54,0.0,,,,,,binary
DANet,openml__higgs__146606,0.0,True,True,False,False,False,binary
KNN,openml__higgs__146606,0.0,True,True,False,False,False,binary
NAM,openml__higgs__146606,0.0,True,True,False,False,False,binary
STG,openml__higgs__146606,0.0,True,True,False,False,False,binary
SVM,openml__higgs__146606,0.0,,,,,,binary
TabPFNModel,openml__higgs__146606,0.0,True,False,False,False,False,binary
rtdl_FTTransformer,openml__higgs__146606,0.0,True,False,True,False,False,binary
SVM,openml__house_16H__3686,0.0,,,,,,binary
TabPFNModel,openml__house_16H__3686,0.0,True,False,False,False,False,binary
DeepFM,openml__iris__59,0.0,,,,,,classification
NAM,openml__iris__59,0.0,,,,,,classification
TabTransformer,openml__iris__59,0.0,True,False,False,False,False,classification
DANet,openml__jannis__168330,0.0,True,True,False,False,False,classification
DeepFM,openml__jannis__168330,0.0,,,,,,classification
NAM,openml__jannis__168330,0.0,,,,,,classification
NODE,openml__jannis__168330,0.0,True,True,False,False,False,classification
SAINT,openml__jannis__168330,0.0,True,True,False,False,False,classification
SVM,openml__jannis__168330,0.0,,,,,,classification
TabPFNModel,openml__jannis__168330,0.0,True,False,False,False,False,classification
rtdl_FTTransformer,openml__jannis__168330,0.0,True,False,True,False,False,classification
TabPFNModel,openml__jasmine__168911,0.0,True,False,False,False,False,binary
TabPFNModel,openml__jm1__3904,0.0,True,False,False,False,False,binary
DANet,openml__jungle_chess_2pcs_raw_endgame_complete__167119,0.0,True,True,False,False,False,classification
DeepFM,openml__jungle_chess_2pcs_raw_endgame_complete__167119,0.0,,,,,,classification
LinearModel,openml__jungle_chess_2pcs_raw_endgame_complete__167119,0.0,,,,,,classification
NAM,openml__jungle_chess_2pcs_raw_endgame_complete__167119,0.0,,,,,,classification
NODE,openml__jungle_chess_2pcs_raw_endgame_complete__167119,0.0,True,True,False,False,False,classification
SVM,openml__jungle_chess_2pcs_raw_endgame_complete__167119,0.0,,,,,,classification
TabPFNModel,openml__jungle_chess_2pcs_raw_endgame_complete__167119,0.0,True,False,False,False,False,classification
TabTransformer,openml__jungle_chess_2pcs_raw_endgame_complete__167119,0.0,True,False,False,False,False,classification
TabPFNModel,openml__kc1__3917,0.0,True,False,False,False,False,binary
TabPFNModel,openml__kr-vs-kp__3,0.0,True,False,False,False,False,binary
TabTransformer,openml__kr-vs-kp__3,0.0,True,False,False,True,False,binary
DANet,openml__kropt__2076,0.0,True,True,False,False,False,classification
DeepFM,openml__kropt__2076,0.0,,,,,,classification
NAM,openml__kropt__2076,0.0,,,,,,classification
NODE,openml__kropt__2076,0.0,True,True,True,False,False,classification
TabPFNModel,openml__kropt__2076,0.0,True,False,False,False,False,classification
TabTransformer,openml__kropt__2076,0.0,True,False,False,True,False,classification
DANet,openml__ldpa__9974,0.0,True,True,False,False,False,classification
DeepFM,openml__ldpa__9974,0.0,,,,,,classification
NAM,openml__ldpa__9974,0.0,,,,,,classification
NODE,openml__ldpa__9974,0.0,True,True,False,False,False,classification
SAINT,openml__ldpa__9974,0.0,True,True,False,False,False,classification
STG,openml__ldpa__9974,0.0,True,True,False,False,False,classification
SVM,openml__ldpa__9974,0.0,,,,,,classification
TabNet,openml__ldpa__9974,0.0,True,True,False,False,False,classification
TabPFNModel,openml__ldpa__9974,0.0,True,False,False,False,False,classification
DeepFM,openml__letter__6,0.0,,,,,,classification
NAM,openml__letter__6,0.0,,,,,,classification
NODE,openml__letter__6,0.0,True,True,True,False,False,classification
TabPFNModel,openml__letter__6,0.0,True,False,False,False,False,classification
DeepFM,openml__libras__360948,0.0,,,,,,classification
NAM,openml__libras__360948,0.0,,,,,,classification
TabPFNModel,openml__libras__360948,0.0,True,False,False,False,False,classification
DeepFM,openml__lung-cancer__146024,0.0,,,,,,classification
NAM,openml__lung-cancer__146024,0.0,,,,,,classification
TabTransformer,openml__lung-cancer__146024,0.0,True,False,False,True,False,classification
DeepFM,openml__lymph__10,0.0,,,,,,classification
NAM,openml__lymph__10,0.0,,,,,,classification
TabPFNModel,openml__madelon__9976,0.0,True,False,False,False,False,binary
rtdl_FTTransformer,openml__madelon__9976,0.0,True,False,True,False,False,binary
SVM,openml__magic__146206,0.0,,,,,,binary
TabPFNModel,openml__magic__146206,0.0,True,False,False,False,False,binary
DeepFM,openml__mfeat-factors__12,0.0,,,,,,classification
NAM,openml__mfeat-factors__12,0.0,,,,,,classification
TabPFNModel,openml__mfeat-factors__12,0.0,True,False,False,False,False,classification
DeepFM,openml__mfeat-fourier__14,0.0,,,,,,classification
NAM,openml__mfeat-fourier__14,0.0,,,,,,classification
TabPFNModel,openml__mfeat-fourier__14,0.0,True,False,False,False,False,classification
DeepFM,openml__mfeat-karhunen__16,0.0,,,,,,classification
NAM,openml__mfeat-karhunen__16,0.0,,,,,,classification
TabPFNModel,openml__mfeat-karhunen__16,0.0,True,False,False,False,False,classification
DeepFM,openml__mfeat-morphological__18,0.0,,,,,,classification
NAM,openml__mfeat-morphological__18,0.0,,,,,,classification
TabPFNModel,openml__mfeat-morphological__18,0.0,True,False,False,False,False,classification
TabTransformer,openml__mfeat-morphological__18,0.0,True,False,False,False,False,classification
DeepFM,openml__mfeat-pixel__146824,0.0,,,,,,classification
LinearModel,openml__mfeat-pixel__146824,0.0,,,,,,classification
NAM,openml__mfeat-pixel__146824,0.0,,,,,,classification
TabPFNModel,openml__mfeat-pixel__146824,0.0,True,False,False,False,False,classification
DeepFM,openml__mfeat-zernike__22,0.0,,,,,,classification
NAM,openml__mfeat-zernike__22,0.0,,,,,,classification
TabPFNModel,openml__mfeat-zernike__22,0.0,True,False,False,False,False,classification
DANet,openml__mnist_784__3573,0.0,True,True,False,False,False,classification
DeepFM,openml__mnist_784__3573,0.0,,,,,,classification
KNN,openml__mnist_784__3573,0.0,True,True,False,False,False,classification
NAM,openml__mnist_784__3573,0.0,,,,,,classification
NODE,openml__mnist_784__3573,0.0,True,True,False,False,False,classification
SAINT,openml__mnist_784__3573,0.0,True,True,False,False,False,classification
SVM,openml__mnist_784__3573,0.0,True,True,False,False,False,classification
TabPFNModel,openml__mnist_784__3573,0.0,True,False,False,False,False,classification
VIME,openml__mnist_784__3573,0.0,True,True,False,False,False,classification
rtdl_FTTransformer,openml__mnist_784__3573,0.0,True,False,True,False,False,classification
TabTransformer,openml__monks-problems-2__146065,0.0,True,False,False,True,False,binary
TabPFNModel,openml__mushroom__24,0.0,True,False,False,False,False,binary
TabTransformer,openml__mushroom__24,0.0,True,False,False,True,False,binary
TabPFNModel,openml__musk__3950,0.0,True,False,False,False,False,binary
rtdl_FTTransformer,openml__musk__3950,0.0,True,False,True,False,False,binary
DANet,openml__nomao__9977,0.0,True,True,False,False,False,binary
NAM,openml__nomao__9977,0.0,True,True,False,False,False,binary
SAINT,openml__nomao__9977,0.0,True,True,False,False,False,binary
TabPFNModel,openml__nomao__9977,0.0,True,False,False,False,False,binary
rtdl_FTTransformer,openml__nomao__9977,0.0,True,False,True,False,False,binary
DANet,openml__numerai28.6__167120,0.0,True,True,False,False,False,binary
LinearModel,openml__numerai28.6__167120,0.0,,,,,,binary
STG,openml__numerai28.6__167120,0.0,True,True,False,False,False,binary
SVM,openml__numerai28.6__167120,0.0,,,,,,binary
TabPFNModel,openml__numerai28.6__167120,0.0,True,False,False,False,False,binary
rtdl_FTTransformer,openml__numerai28.6__167120,0.0,True,False,True,False,False,binary
DeepFM,openml__nursery__9892,0.0,,,,,,classification
NAM,openml__nursery__9892,0.0,,,,,,classification
NODE,openml__nursery__9892,0.0,True,True,False,False,False,classification
TabPFNModel,openml__nursery__9892,0.0,True,False,False,False,False,classification
TabTransformer,openml__nursery__9892,0.0,True,False,False,True,False,classification
DeepFM,openml__one-hundred-plants-texture__9956,0.0,,,,,,classification
LightGBM,openml__one-hundred-plants-texture__9956,0.0,,,,,,classification
NAM,openml__one-hundred-plants-texture__9956,0.0,,,,,,classification
NODE,openml__one-hundred-plants-texture__9956,0.0,True,False,True,False,False,classification
TabPFNModel,openml__one-hundred-plants-texture__9956,0.0,True,False,False,False,False,classification
DeepFM,openml__optdigits__28,0.0,,,,,,classification
NAM,openml__optdigits__28,0.0,,,,,,classification
NODE,openml__optdigits__28,0.0,True,True,False,False,False,classification
TabPFNModel,openml__optdigits__28,0.0,True,False,False,False,False,classification
TabPFNModel,openml__ozone-level-8hr__9978,0.0,True,False,False,False,False,binary
DeepFM,openml__page-blocks__30,0.0,,,,,,classification
NAM,openml__page-blocks__30,0.0,,,,,,classification
TabPFNModel,openml__page-blocks__30,0.0,True,False,False,False,False,classification
TabPFNModel,openml__pc3__3903,0.0,True,False,False,False,False,binary
TabPFNModel,openml__pc4__3902,0.0,True,False,False,False,False,binary
SVM,openml__philippine__190410,0.0,,,,,,binary
TabPFNModel,openml__philippine__190410,0.0,True,False,False,False,False,binary
rtdl_FTTransformer,openml__philippine__190410,0.0,True,False,True,False,False,binary
TabPFNModel,openml__phoneme__9952,0.0,True,False,False,False,False,binary
TabTransformer,openml__phoneme__9952,0.0,True,False,False,False,False,binary
DANet,openml__poker-hand__9890,0.0,True,True,False,False,False,classification
DecisionTree,openml__poker-hand__9890,0.0,,,,,,classification
DeepFM,openml__poker-hand__9890,0.0,,,,,,classification
LightGBM,openml__poker-hand__9890,0.0,,,,,,classification
LinearModel,openml__poker-hand__9890,0.0,,,,,,classification
NAM,openml__poker-hand__9890,0.0,,,,,,classification
NODE,openml__poker-hand__9890,0.0,True,True,False,False,False,classification
RandomForest,openml__poker-hand__9890,0.0,,,,,,classification
SAINT,openml__poker-hand__9890,0.0,True,True,False,False,False,classification
STG,openml__poker-hand__9890,0.0,True,True,False,False,False,classification
SVM,openml__poker-hand__9890,0.0,,,,,,classification
TabNet,openml__poker-hand__9890,0.0,True,True,False,False,False,classification
TabPFNModel,openml__poker-hand__9890,0.0,True,False,False,False,False,classification
TabTransformer,openml__poker-hand__9890,0.0,True,True,False,False,False,classification
VIME,openml__poker-hand__9890,0.0,True,True,False,False,False,classification
rtdl_FTTransformer,openml__poker-hand__9890,0.0,True,False,True,False,False,classification
rtdl_ResNet,openml__poker-hand__9890,0.0,,,,,,classification
SVM,openml__pollen__3735,0.0,,,,,,binary
TabPFNModel,openml__pollen__3735,0.0,True,False,False,False,False,binary
TabTransformer,openml__pollen__3735,0.0,True,False,False,False,False,binary
TabTransformer,openml__postoperative-patient-data__146210,0.0,True,False,False,True,False,binary
DeepFM,openml__primary-tumor__146032,0.0,,,,,,classification
NAM,openml__primary-tumor__146032,0.0,,,,,,classification
TabPFNModel,openml__primary-tumor__146032,0.0,True,False,False,False,False,classification
TabTransformer,openml__primary-tumor__146032,0.0,True,False,False,True,False,classification
TabTransformer,openml__rabe_266__3647,0.0,True,False,False,False,False,binary
DeepFM,openml__satimage__2074,0.0,,,,,,classification
NAM,openml__satimage__2074,0.0,,,,,,classification
NODE,openml__satimage__2074,0.0,True,True,False,False,False,classification
TabPFNModel,openml__satimage__2074,0.0,True,False,False,False,False,classification
TabPFNModel,openml__scene__3485,0.0,True,False,False,False,False,binary
rtdl_FTTransformer,openml__scene__3485,0.0,True,False,True,False,False,binary
DeepFM,openml__segment__146822,0.0,,,,,,classification
NAM,openml__segment__146822,0.0,,,,,,classification
SAINT,openml__segment__146822,0.0,,,,,,classification
TabPFNModel,openml__segment__146822,0.0,True,False,False,False,False,classification
DeepFM,openml__semeion__9964,0.0,,,,,,classification
NAM,openml__semeion__9964,0.0,,,,,,classification
TabPFNModel,openml__semeion__9964,0.0,True,False,False,False,False,classification
TabPFNModel,openml__sick__3021,0.0,True,False,False,False,False,binary
DANet,openml__skin-segmentation__9965,0.0,True,True,False,False,False,binary
NAM,openml__skin-segmentation__9965,0.0,True,True,False,False,False,binary
SAINT,openml__skin-segmentation__9965,0.0,True,True,False,False,False,binary
STG,openml__skin-segmentation__9965,0.0,True,True,False,False,False,binary
TabNet,openml__skin-segmentation__9965,0.0,True,True,False,False,False,binary
TabPFNModel,openml__skin-segmentation__9965,0.0,True,False,False,False,False,binary
TabTransformer,openml__skin-segmentation__9965,0.0,True,False,False,False,False,binary
VIME,openml__skin-segmentation__9965,0.0,True,True,False,False,False,binary
DeepFM,openml__soybean__41,0.0,,,,,,classification
NAM,openml__soybean__41,0.0,,,,,,classification
SVM,openml__soybean__41,0.0,,,,,,classification
TabPFNModel,openml__soybean__41,0.0,True,False,False,False,False,classification
TabTransformer,openml__soybean__41,0.0,True,False,False,True,False,classification
TabPFNModel,openml__spambase__43,0.0,True,False,False,False,False,binary
DeepFM,openml__splice__45,0.0,,,,,,classification
NAM,openml__splice__45,0.0,,,,,,classification
TabPFNModel,openml__splice__45,0.0,True,False,False,False,False,classification
TabTransformer,openml__splice__45,0.0,True,False,False,True,False,classification
DeepFM,openml__steel-plates-fault__146817,0.0,,,,,,classification
NAM,openml__steel-plates-fault__146817,0.0,,,,,,classification
TabPFNModel,openml__steel-plates-fault__146817,0.0,True,False,False,False,False,classification
SAINT,openml__sylva_agnostic__3889,0.0,True,True,False,False,False,binary
TabPFNModel,openml__sylva_agnostic__3889,0.0,True,False,False,False,False,binary
rtdl_FTTransformer,openml__sylva_agnostic__3889,0.0,True,False,True,False,False,binary
MLP,openml__sylvine__168912,0.0,True,False,False,False,False,binary
TabPFNModel,openml__sylvine__168912,0.0,True,False,False,False,False,binary
TabTransformer,openml__sylvine__168912,0.0,True,False,False,False,False,binary
VIME,openml__sylvine__168912,0.0,True,False,False,False,False,binary
rtdl_ResNet,openml__sylvine__168912,0.0,True,False,False,False,False,binary
DeepFM,openml__synthetic_control__3512,0.0,,,,,,classification
NAM,openml__synthetic_control__3512,0.0,,,,,,classification
DeepFM,openml__tae__47,0.0,,,,,,classification
NAM,openml__tae__47,0.0,,,,,,classification
DeepFM,openml__texture__125922,0.0,,,,,,classification
NAM,openml__texture__125922,0.0,,,,,,classification
NODE,openml__texture__125922,0.0,True,True,True,False,False,classification
TabPFNModel,openml__texture__125922,0.0,True,False,False,False,False,classification
TabTransformer,openml__tic-tac-toe__49,0.0,True,False,False,True,False,binary
TabTransformer,openml__transplant__3748,0.0,True,False,False,False,False,binary
DeepFM,openml__vehicle__53,0.0,,,,,,classification
NAM,openml__vehicle__53,0.0,,,,,,classification
TabTransformer,openml__visualizing_environmental__3602,0.0,True,False,False,False,False,binary
TabTransformer,openml__visualizing_livestock__3731,0.0,True,False,False,True,False,binary
DANet,openml__volkert__168331,0.0,True,True,False,False,False,classification
DeepFM,openml__volkert__168331,0.0,,,,,,classification
NAM,openml__volkert__168331,0.0,,,,,,classification
NODE,openml__volkert__168331,0.0,True,True,True,False,False,classification
SAINT,openml__volkert__168331,0.0,True,True,False,False,False,classification
SVM,openml__volkert__168331,0.0,,,,,,classification
TabPFNModel,openml__volkert__168331,0.0,True,False,False,False,False,classification
rtdl_FTTransformer,openml__volkert__168331,0.0,True,False,True,False,False,classification
DeepFM,openml__vowel__3022,0.0,,,,,,classification
NAM,openml__vowel__3022,0.0,,,,,,classification
TabPFNModel,openml__vowel__3022,0.0,True,False,False,False,False,classification
DANet,openml__walking-activity__9945,0.0,True,True,False,False,False,classification
DeepFM,openml__walking-activity__9945,0.0,,,,,,classification
NAM,openml__walking-activity__9945,0.0,,,,,,classification
NODE,openml__walking-activity__9945,0.0,True,True,True,False,False,classification
SAINT,openml__walking-activity__9945,0.0,True,True,False,False,False,classification
STG,openml__walking-activity__9945,0.0,True,True,False,False,False,classification
SVM,openml__walking-activity__9945,0.0,True,True,False,False,False,classification
TabNet,openml__walking-activity__9945,0.0,True,True,False,False,False,classification
TabPFNModel,openml__walking-activity__9945,0.0,True,False,False,False,False,classification
TabTransformer,openml__walking-activity__9945,0.0,True,False,False,False,False,classification
VIME,openml__walking-activity__9945,0.0,True,True,False,False,False,classification
DeepFM,openml__wall-robot-navigation__9960,0.0,,,,,,classification
NAM,openml__wall-robot-navigation__9960,0.0,,,,,,classification
TabPFNModel,openml__wall-robot-navigation__9960,0.0,True,False,False,False,False,classification
TabPFNModel,openml__wilt__146820,0.0,True,False,False,False,False,binary
TabTransformer,openml__wilt__146820,0.0,True,False,False,False,False,binary
DeepFM,openml__yeast__145793,0.0,,,,,,classification
NAM,openml__yeast__145793,0.0,,,,,,classification
CatBoost,openml__isolet__3481,0.0,,,,,,classification
DeepFM,openml__isolet__3481,0.0,,,,,,classification
NAM,openml__isolet__3481,0.0,,,,,,classification
NODE,openml__isolet__3481,0.0,True,True,True,False,False,classification
SAINT,openml__isolet__3481,0.0,True,True,True,False,False,classification
TabPFNModel,openml__isolet__3481,0.0,True,False,False,False,False,classification
rtdl_FTTransformer,openml__isolet__3481,0.0,True,False,True,False,False,classification
CatBoost,openml__pendigits__32,0.0,,,,,,classification
DeepFM,openml__pendigits__32,0.0,,,,,,classification
NAM,openml__pendigits__32,0.0,,,,,,classification
NODE,openml__pendigits__32,0.0,True,True,False,False,False,classification
TabPFNModel,openml__pendigits__32,0.0,True,False,False,False,False,classification
CatBoost,openml__robert__168332,0.0,,,,,,classification
DeepFM,openml__robert__168332,0.0,,,,,,classification
KNN,openml__robert__168332,0.0,True,True,False,False,False,classification
LightGBM,openml__robert__168332,0.0,,,,,,classification
NAM,openml__robert__168332,0.0,,,,,,classification
NODE,openml__robert__168332,0.0,True,True,True,False,False,classification
SAINT,openml__robert__168332,0.0,,,,,,classification
SVM,openml__robert__168332,0.0,True,True,False,False,False,classification
TabPFNModel,openml__robert__168332,0.0,True,False,False,False,False,classification
rtdl_FTTransformer,openml__robert__168332,0.0,True,False,True,False,False,classification
CatBoost,openml__solar-flare__2068,0.0,True,False,False,False,False,classification
DeepFM,openml__solar-flare__2068,0.0,,,,,,classification
NAM,openml__solar-flare__2068,0.0,,,,,,classification
TabTransformer,openml__solar-flare__2068,0.0,True,False,False,True,False,classification
CatBoost,openml__CIFAR_10__167124,0.0,,,,,,classification
DANet,openml__CIFAR_10__167124,0.0,True,True,False,False,False,classification
DeepFM,openml__CIFAR_10__167124,0.0,,,,,,classification
KNN,openml__CIFAR_10__167124,0.0,True,True,False,False,False,classification
LightGBM,openml__CIFAR_10__167124,0.0,True,True,False,False,False,classification
NAM,openml__CIFAR_10__167124,0.0,,,,,,classification
NODE,openml__CIFAR_10__167124,0.0,True,True,True,False,False,classification
SAINT,openml__CIFAR_10__167124,0.0,,,,,,classification
SVM,openml__CIFAR_10__167124,0.0,True,True,False,False,False,classification
TabPFNModel,openml__CIFAR_10__167124,0.0,True,False,False,False,False,classification
VIME,openml__CIFAR_10__167124,0.0,True,False,False,False,True,classification
rtdl_FTTransformer,openml__CIFAR_10__167124,0.0,True,False,True,False,False,classification
CatBoost,openml__Devnagari-Script__167121,0.0,,,,,,classification
DANet,openml__Devnagari-Script__167121,0.0,True,True,False,False,False,classification
DeepFM,openml__Devnagari-Script__167121,0.0,,,,,,classification
KNN,openml__Devnagari-Script__167121,0.0,True,True,False,False,False,classification
LightGBM,openml__Devnagari-Script__167121,0.0,,,,,,classification
LinearModel,openml__Devnagari-Script__167121,0.0,,,,,,classification
NAM,openml__Devnagari-Script__167121,0.0,,,,,,classification
NODE,openml__Devnagari-Script__167121,0.0,True,True,False,False,False,classification
SAINT,openml__Devnagari-Script__167121,0.0,True,True,True,False,False,classification
STG,openml__Devnagari-Script__167121,0.0,True,True,False,False,False,classification
SVM,openml__Devnagari-Script__167121,0.0,True,True,False,False,False,classification
TabPFNModel,openml__Devnagari-Script__167121,0.0,True,False,False,False,False,classification
VIME,openml__Devnagari-Script__167121,0.0,True,True,False,False,False,classification
rtdl_FTTransformer,openml__Devnagari-Script__167121,0.0,True,False,True,False,False,classification
CatBoost,openml__covertype__7593,0.0,,,,,,classification
DANet,openml__covertype__7593,0.0,True,True,False,False,False,classification
DeepFM,openml__covertype__7593,0.0,,,,,,classification
LinearModel,openml__covertype__7593,0.0,,,,,,classification
NAM,openml__covertype__7593,0.0,,,,,,classification
NODE,openml__covertype__7593,0.0,True,True,False,False,False,classification
SAINT,openml__covertype__7593,0.0,True,True,False,False,False,classification
STG,openml__covertype__7593,0.0,True,True,False,False,False,classification
SVM,openml__covertype__7593,0.0,True,True,False,False,False,classification
TabNet,openml__covertype__7593,0.0,True,True,False,False,False,classification
TabPFNModel,openml__covertype__7593,0.0,True,False,False,False,False,classification
TabTransformer,openml__covertype__7593,0.0,True,True,True,False,False,classification
VIME,openml__covertype__7593,0.0,True,True,False,False,False,classification
XGBoost,openml__covertype__7593,0.0,,,,,,classification
rtdl_FTTransformer,openml__covertype__7593,0.0,True,False,True,False,False,classification
CatBoost,openml__guillermo__168337,0.0,,,,,,binary
DANet,openml__guillermo__168337,0.0,True,True,False,False,False,binary
KNN,openml__guillermo__168337,0.0,True,True,False,False,False,binary
LightGBM,openml__guillermo__168337,0.0,True,True,False,False,False,binary
NAM,openml__guillermo__168337,0.0,True,True,False,False,False,binary
SAINT,openml__guillermo__168337,0.0,,,,,,binary
SVM,openml__guillermo__168337,0.0,True,True,False,False,False,binary
TabPFNModel,openml__guillermo__168337,0.0,True,False,False,False,False,binary
VIME,openml__guillermo__168337,0.0,True,True,False,False,False,binary
rtdl_FTTransformer,openml__guillermo__168337,0.0,True,False,True,False,False,binary
CatBoost,openml__helena__168329,0.0,,,,,,classification
DANet,openml__helena__168329,0.0,True,True,False,False,False,classification
DeepFM,openml__helena__168329,0.0,,,,,,classification
LightGBM,openml__helena__168329,0.0,,,,,,classification
LinearModel,openml__helena__168329,0.0,,,,,,classification
NAM,openml__helena__168329,0.0,,,,,,classification
NODE,openml__helena__168329,0.0,True,False,True,False,False,classification
RandomForest,openml__helena__168329,0.0,,,,,,classification
SVM,openml__helena__168329,0.0,,,,,,classification
TabPFNModel,openml__helena__168329,0.0,True,False,False,False,False,classification
XGBoost,openml__helena__168329,0.0,,,,,,classification
rtdl_FTTransformer,openml__helena__168329,0.0,True,False,True,False,False,classification
CatBoost,openml__riccardo__168338,0.0,,,,,,binary
DANet,openml__riccardo__168338,0.0,True,True,False,False,False,binary
KNN,openml__riccardo__168338,0.0,True,True,False,False,False,binary
NAM,openml__riccardo__168338,0.0,True,True,False,False,False,binary
NODE,openml__riccardo__168338,0.0,True,True,False,False,False,binary
SAINT,openml__riccardo__168338,0.0,,,,,,binary
SVM,openml__riccardo__168338,0.0,True,True,False,False,False,binary
TabPFNModel,openml__riccardo__168338,0.0,True,False,False,False,False,binary
VIME,openml__riccardo__168338,0.0,True,True,False,False,False,binary
rtdl_FTTransformer,openml__riccardo__168338,0.0,True,False,True,False,False,binary
CatBoost,openml__shuttle__146212,0.0,,,,,,classification
DANet,openml__shuttle__146212,0.0,True,True,False,False,False,classification
DeepFM,openml__shuttle__146212,0.0,,,,,,classification
NAM,openml__shuttle__146212,0.0,,,,,,classification
NODE,openml__shuttle__146212,0.0,True,True,False,False,False,classification
TabPFNModel,openml__shuttle__146212,0.0,True,False,False,False,False,classification
